"id","gender","age","selfesteem"
1,1,19,3.39
2,1,21,3.95
3,1,20,2.09
4,1,19,2.07
5,1,22,2.49
6,1,24,2.54
7,1,22,2.86
8,1,23,4.5
9,1,29,3.4
10,1,23,4.31
11,1,20,2.8
12,1,20,3.44
13,1,23,2.62
14,1,25,3.09
15,1,19,4.78
16,1,24,4.54
17,1,22,2.15
18,1,28,2.61
19,1,21,2.91
20,1,22,3.26
21,1,23,3.35
22,1,20,3.27
23,1,22,4.08
24,1,22,1.9
25,1,23,3.42
26,1,27,3.18
27,1,28,3.23
28,1,23,3.37
29,1,21,3.27
30,1,22,2.44
31,1,29,1.72
32,1,27,2.59
33,1,20,2.07
34,1,19,3.09
35,1,27,3.49
36,1,23,2.57
37,1,28,4.66
38,1,29,4.26
39,1,26,2.29
40,1,19,3.52
41,1,24,3.61
42,1,25,4.61
43,1,19,3.94
44,1,25,2.16
45,1,21,3.25
46,1,24,3.56
47,1,21,3.5
48,1,25,3.63
49,1,24,3.12
50,1,24,4.82
51,1,21,2.38
52,1,28,2.78
53,1,26,2.58
54,1,23,3.48
55,1,26,2.95
56,1,24,4.42
57,1,22,2.44
58,1,24,3.96
59,1,25,4.23
60,1,19,1.73
61,1,21,3.83
62,1,24,4.57
63,1,28,4.18
64,1,21,3.15
65,1,22,3.87
66,1,28,2.44
67,1,25,2.96
68,1,22,3.3
69,1,20,4.15
70,1,27,3.14
71,1,27,2.41
72,1,27,2.76
73,1,28,3.23
74,1,21,2.92
75,1,22,2.83
76,1,27,3.58
77,1,20,4.06
78,1,27,2.69
79,1,21,3.07
80,1,24,3.22
81,1,19,3.53
82,1,29,3.38
83,1,22,4.05
84,1,22,1.99
85,1,25,2.82
86,1,25,3.57
87,1,26,3.65
88,1,20,2.94
89,1,23,1.19
90,1,22,3.72
91,1,28,2.9
92,1,27,4.12
93,1,25,3.01
94,1,21,3.92
95,1,27,2.72
96,1,25,3.87
97,1,26,2.73
98,1,25,2.7
99,1,21,3.57
100,1,22,3.69
101,1,20,2.53
102,1,19,3.15
103,1,24,5
104,1,19,4.31
105,1,20,2.43
106,1,22,2.87
107,1,28,2.91
108,1,22,4.02
109,1,27,4.07
110,1,20,4.06
111,1,29,2.67
112,1,29,4.07
113,1,21,2.9
114,1,24,3.39
115,1,25,5
116,1,21,4.2
117,1,27,3.26
118,1,20,4.02
119,2,19,4.31
120,2,22,3.41
121,2,21,3.41
122,2,23,3.58
123,2,27,4.46
124,2,24,4.19
125,2,28,3.74
126,2,29,4.25
127,2,20,5
128,2,28,3.44
129,2,26,5
130,2,24,1.62
131,2,21,3.97
132,2,19,4.21
133,2,24,3.71
134,2,26,3.96
135,2,25,2.54
136,2,19,2.52
137,2,25,2.61
138,2,19,4.83
139,2,21,4.66
140,2,20,5
141,2,29,3.98
142,2,19,2.18
143,2,20,3.27
144,2,21,4.7
145,2,24,4.15
146,2,28,3.06
147,2,24,4.87
148,2,19,3.24
149,2,20,3.71
150,2,21,3.52
151,2,23,4.66
152,2,21,4.28
153,2,23,1.5
154,2,26,3.72
155,2,19,3.58
156,2,19,4.43
157,2,24,2.08
158,2,24,3.99
159,2,28,2.67
160,2,25,5
161,2,28,3.54
162,2,28,3.6
163,2,25,2.45
164,2,26,4.21
165,2,21,3.04
166,2,29,3.73
167,2,22,3.14
168,2,25,2.97
169,2,21,3.24
170,2,21,3.22
171,2,25,3.51
172,2,27,3.93
173,2,22,5
174,2,28,4.87
175,2,23,3.08
176,2,24,2.94
177,2,25,2.77
178,2,22,1.87
179,2,19,3.66
180,2,28,4.34
181,2,22,3.23
182,2,23,4.54
183,2,19,4.14
184,2,19,2.9
185,2,20,3.36
186,2,29,3.04
187,2,28,4.41
188,2,20,3.84
189,2,27,4.35
190,2,29,2.23
191,2,20,4.17
192,2,20,3.82
193,2,28,4.55
194,2,21,1.75
195,2,29,2.31
196,2,24,5
197,2,28,5
198,2,20,4.58
199,2,26,3.23
200,2,20,2.58
201,2,26,4.39
202,2,20,3.47
203,2,19,1.93
204,2,23,3.85
205,2,28,3.58
206,2,23,4.44
207,2,21,3.62
208,2,25,3.13
209,2,23,2.56
210,2,21,3.25
211,2,28,4.28
212,2,28,3.37
213,2,25,4.65
214,2,24,3.75
215,2,26,3.72
216,2,19,3.81
217,2,25,3.61
218,2,23,3.78
219,2,20,2.86
220,2,24,4.44
221,2,24,3.36
222,2,21,3.09
223,2,24,4.16
224,2,24,4.31
225,2,23,3.37
226,2,20,3.3
227,2,26,4.51
228,2,21,4.28
229,2,28,4.55
230,2,25,4.03
231,2,22,4.35
232,2,29,5
233,2,24,3.47
234,2,20,4.71
235,2,26,4.82
236,2,27,2.47
237,2,19,5
238,2,25,3.03
239,2,27,4.37
240,2,20,3.52
