"id","gender","age","tenure","position","stress","workload","support","efficacy","burnout","satisfaction","turnover","quit"
1,"여",37,8,"대리",3.83,4.2,3.62,4,3.33,3,3,0
2,"여",40,12,"과장이상",2.83,3,4.62,4.17,2.89,4,3.5,0
3,"남",44,12,"과장이상",3.17,3.2,2.75,3.33,3.22,2.6,4.5,1
4,"남",41,9,"대리",3.17,4,4,3.67,2.33,2.2,3.25,0
5,"여",41,14,"과장이상",3.5,3.2,3.25,3.83,2.44,3.4,3.25,0
6,"남",46,14,"과장이상",2.33,2.2,3.38,4.67,2.22,3.6,3.75,0
7,"남",32,5,"대리",3.17,3.2,4.25,3.83,2.22,4.2,2.25,0
8,"여",32,7,"과장이상",3.17,3.4,4.88,4.17,2.56,3.6,1.5,0
9,"남",37,8,"대리",2.33,2.2,4,3.83,2.44,3.2,1,0
10,"여",40,17,"과장이상",2.33,2.8,4.25,4.17,1.67,4.4,1.75,0
11,"남",48,15,"과장이상",3.83,4,3.12,3.83,3.11,3,2.75,0
12,"여",31,6,"대리",3.5,3.4,3.62,3.67,2.67,4.2,2.5,0
13,"남",30,5,"대리",2.67,2.6,2.75,3.67,3.67,2.4,3,0
14,"여",43,13,"과장이상",3.17,3.2,3.62,3.83,3.22,3.8,2.75,0
15,"남",34,8,"대리",3,3.4,4.5,4.5,2.11,2.6,1.5,0
16,"남",35,7,"대리",2.67,2.6,4.62,4.5,2.89,4.4,3.25,0
17,"여",42,4,"사원",3.67,3.8,3.38,2.67,3.78,2.8,3,0
18,"남",32,1,"사원",2.67,2.6,3.75,3.33,2.56,2.2,2.25,0
19,"남",32,10,"과장이상",3.17,3.4,2.62,4.83,2.67,2.6,2.25,0
20,"남",35,11,"과장이상",3.5,3.8,2.12,3.83,3,3.2,1.5,0
21,"남",34,5,"대리",3.83,4.4,3.75,2.5,3.56,4,3.5,0
22,"남",32,0,"사원",2.67,2.8,3.12,3.83,2.44,3,3,0
23,"남",44,9,"대리",3.83,4.4,3.38,3.33,3.44,3,2.75,0
24,"남",33,0,"사원",4.33,4,3.62,4.33,3.78,3.4,4.5,0
25,"남",38,3,"사원",3.17,3.4,4.5,3.5,3.11,3.2,3.25,1
26,"남",38,10,"과장이상",2.5,2.8,4.5,3.67,2.44,3.6,1.25,0
27,"남",24,0,"사원",2.67,3.2,4.25,4.67,2.22,3.4,3,0
28,"남",40,13,"과장이상",2.83,2.6,3.38,3.33,3.44,3.2,4.5,1
29,"남",48,10,"대리",3.33,3.8,4.25,3.33,2.33,3.8,2,0
30,"여",37,4,"사원",4,4,2.75,2.83,2.89,3.2,2.25,0
31,"여",31,5,"대리",3.17,3.4,3,3,2.89,2.4,2.75,0
32,"남",47,16,"과장이상",2.5,2.8,2.88,2.83,1.89,3.6,2.25,0
33,"여",39,8,"대리",2.83,3,3.62,4,2.33,3,2.25,0
34,"남",45,9,"대리",3.83,3.8,3.75,3.33,3.11,3.6,3,0
35,"여",39,13,"과장이상",2.17,2.6,4.5,4.5,2.78,3.6,2.25,0
36,"남",42,15,"과장이상",3,3.4,4.25,3.5,2.67,3,3,1
37,"남",48,17,"과장이상",2.67,2.8,3.75,3.67,2.67,3.8,3,0
38,"남",42,12,"과장이상",3.67,3.8,3.25,3.17,3.89,2,3.75,0
39,"여",40,5,"사원",3.33,4.2,3.5,3.83,2.56,3.8,2.75,0
40,"남",32,0,"사원",3,2.8,4,4.5,2.89,2.4,2.75,1
41,"남",41,15,"과장이상",2,2.2,4.5,4,2.11,5,2.25,0
42,"여",34,6,"대리",3.17,3.6,3.12,4,3.22,2.8,4,0
43,"남",53,14,"과장이상",2.33,2.6,3,3.67,2.33,3.4,3,0
44,"남",40,13,"과장이상",2.83,3.4,2.38,3.5,2.44,2.8,1.75,1
45,"남",31,1,"사원",4,4.4,2.5,2.83,4.56,1.4,4.5,1
46,"남",49,13,"과장이상",4.17,4.6,2.88,2.83,3.67,3.2,2.75,0
47,"여",34,6,"사원",3.67,4.2,3,2.67,3.89,1.8,3.25,1
48,"남",25,0,"사원",3.17,3,3.75,3.17,3,3.6,3.5,0
49,"남",29,0,"사원",2.67,3,3.12,4,2.22,2.2,2.5,0
50,"남",37,4,"대리",3.33,3.8,3.25,3.83,1.78,3.4,3,0
51,"여",34,8,"사원",3.67,4.4,2.75,3.5,3.22,3.2,3,0
52,"여",40,10,"대리",3.67,3.2,2.75,3.5,3.56,2.8,3.25,0
53,"여",35,5,"사원",2.33,2.2,3.5,3.67,2.22,3.8,1,0
54,"여",24,2,"사원",2.33,3,2.88,3.17,2.33,3.4,2.5,1
55,"여",35,5,"대리",2.5,3.2,3.25,3.33,1.89,3.6,2.5,1
56,"여",50,14,"과장이상",3.33,3.4,5,4.17,2.22,5,3.25,0
57,"여",34,5,"대리",2.33,2,3.88,3.67,2.44,3,4,1
58,"남",33,3,"사원",3.5,3.4,3,3.67,3.89,2.6,3.5,1
59,"여",36,6,"대리",2.17,3,3.75,3.5,2.44,3,1.75,0
60,"남",49,17,"과장이상",3.33,2.8,4,2.83,3.67,2.8,3.25,0
61,"남",30,3,"사원",3,3.2,3.75,4.33,2.56,3.2,1.75,0
62,"여",43,15,"과장이상",3.17,3.6,3.38,3.5,2.67,3,2.75,0
63,"여",32,2,"대리",4.17,4.4,2.38,3.17,4.44,2.8,4,1
64,"남",35,5,"사원",3,3.2,3.38,3.83,2.67,3.6,3.25,0
65,"남",34,9,"과장이상",3.17,3.8,4.25,4.83,2.22,4.2,2.25,0
66,"남",43,7,"사원",2.83,3,3.62,3.67,1.89,2.4,2.5,0
67,"여",42,6,"대리",3.5,3.8,3.75,4.33,2.67,3.2,3.75,0
68,"남",45,14,"과장이상",4,4,3.38,4,2.33,3.8,2.5,1
69,"여",45,11,"대리",2.5,2.8,4.12,3.5,2.22,3.6,2,0
70,"여",53,14,"과장이상",3.33,3.4,4.75,4.17,2.78,4.6,3.25,0
71,"여",38,5,"과장이상",2.17,2.4,4.12,4,1,4.4,1,0
72,"남",24,1,"사원",4,4.2,2.38,3.83,3.56,2.6,3.5,0
73,"여",33,2,"사원",3.33,4.4,3.75,4,2.67,3.4,1.5,0
74,"여",31,3,"대리",4,4.8,3.12,3.17,3.11,3.4,2.75,0
75,"남",35,3,"사원",2.83,2.8,3.75,2.83,2.11,3.6,3.75,1
76,"여",46,14,"과장이상",3.33,3.4,3.12,3.83,3.89,2.8,4.5,1
77,"여",33,2,"사원",3.83,3.6,4.12,3.83,3.22,3.8,4,0
78,"여",31,4,"사원",3.5,3.4,3.5,3.33,2.67,3.4,3.5,1
79,"남",41,8,"대리",3.67,3.2,3.75,4,3,3.6,3.5,0
80,"여",42,15,"과장이상",3.83,4.2,3.12,3.33,3.22,2.8,2.25,0
81,"남",35,7,"대리",2.83,2.8,5,4.83,1.56,3.6,2.5,0
82,"여",40,3,"대리",3.17,3.4,3.5,3.67,3.11,2.8,3,0
83,"여",41,13,"과장이상",3.17,4,3.88,3.5,3.11,3.2,2.25,0
84,"여",40,8,"대리",2.83,3.2,3.38,4.33,2,4,3,1
85,"남",33,5,"사원",1.83,1.6,3.5,2.5,3.56,3.4,3,0
86,"여",43,14,"대리",2.83,2.8,3.62,3.67,2,4,2.25,0
87,"여",24,0,"사원",4,3.6,4.12,4.17,3.44,3,4,1
88,"여",42,17,"과장이상",4.5,4.2,4.25,3.67,3.11,3.2,3.5,1
89,"남",40,7,"대리",2.5,3.2,3.62,3.67,2.22,2.8,1.25,0
90,"남",52,17,"과장이상",2.67,3,3.62,4,2.22,3,2.25,0
91,"여",39,9,"대리",1.83,1.6,4.62,3.17,3.11,4.2,1.75,0
92,"여",38,10,"대리",3.33,3.6,4.5,3.5,3.33,3,3.75,0
93,"여",46,15,"과장이상",2.83,3.2,3.38,3.33,2.67,3,3.75,1
94,"남",42,11,"대리",2.33,2.2,3.62,3.5,2.89,3,1.75,0
95,"남",37,3,"사원",2.83,3,4.38,4.33,2.33,3,2.25,0
96,"남",37,6,"대리",2.5,2.8,4,3.5,3,3,2.5,0
97,"여",38,8,"대리",3.67,4,2.88,3.33,3.44,4,4,1
98,"남",29,0,"사원",3.33,3.8,4,3.17,3.67,2.6,3,1
99,"여",46,13,"과장이상",3.17,3.6,1.75,2.33,2.67,3,3,0
100,"남",33,2,"사원",3.67,3.8,4,4.67,3.33,3,3,0
101,"남",35,8,"과장이상",3.33,4.4,3.75,4,2.89,4.6,1.75,0
102,"여",42,11,"과장이상",1.67,2,4.25,3.67,2.67,3.4,1.75,0
103,"남",34,6,"사원",3.33,3,3.88,4,3.56,3,2.5,1
104,"남",36,6,"대리",3.33,3.4,3.25,3.5,3.56,3.2,2.25,0
105,"남",48,12,"대리",3.33,3.4,3.5,3.33,4,2.8,3.25,1
106,"남",32,8,"대리",2.67,3.2,3.12,3,3.11,2,2,0
107,"여",35,3,"사원",3.17,3,2.62,3.17,2.33,4,3.25,0
108,"여",48,11,"과장이상",3,2.8,4,2.83,2.56,3.6,2.5,0
109,"남",34,3,"사원",2.33,2.6,3,2.67,3.22,3.2,2.75,0
110,"여",33,9,"사원",4.33,4.6,4.12,2.67,3.11,2.8,3.5,0
111,"남",39,8,"대리",2.17,2.6,4.62,3.5,2.56,4,2,0
112,"여",42,13,"과장이상",2.67,2.8,3.5,3.67,2.33,4.2,2.75,1
113,"남",32,1,"사원",3.83,3.8,3.5,3,3.67,3.6,4.25,0
114,"남",36,5,"대리",2.17,3,4.75,4.5,2.11,3.4,1.75,0
115,"남",36,6,"대리",3.5,3.8,3.5,3.17,3.11,3.4,2.5,0
116,"남",30,4,"대리",2.83,3.2,4,3.33,3,3.2,4,0
117,"여",37,6,"사원",2.83,3.2,4.12,3.83,3.33,2.8,2.75,0
118,"남",50,17,"과장이상",2,2,4.75,3.83,1.89,3.6,2.25,0
119,"남",44,11,"과장이상",2.67,3,3.5,3,2,4.2,3,0
120,"여",32,4,"대리",3.33,3.8,3.62,4.17,3.44,3.4,3.25,0
121,"남",40,15,"과장이상",2.83,2.8,3.25,3.67,2,4.8,1.25,0
122,"남",35,4,"사원",3.83,4,2.5,4,3.78,1.6,3,1
123,"여",36,9,"대리",3.17,3.6,2.12,3.67,3.67,3.8,2.5,0
124,"여",44,14,"과장이상",3.17,2.8,3,4,2.89,3.2,2.25,0
125,"남",42,15,"과장이상",3,3.6,3.62,3,3.78,3.8,4.5,1
126,"남",44,12,"과장이상",3.33,3.6,3,3.17,3.11,3.4,2.75,0
127,"남",40,9,"대리",3.83,3.8,3.38,3.33,3.89,3.2,3.25,0
128,"남",31,4,"대리",3.67,3.6,3.5,2.67,4,3,3.75,0
129,"남",33,6,"대리",3.5,4.4,4.12,4,2.78,4.2,2,0
130,"남",28,3,"사원",4,4.2,2.12,3.5,4.44,2,3.5,1
131,"남",42,9,"대리",2.83,3,5,3.83,1.89,4.4,2,0
132,"여",47,16,"과장이상",3,3,3.62,2.83,3.56,2.4,2.5,0
133,"남",25,1,"사원",4.17,4.2,3.88,3.33,3.67,2.4,2.75,1
134,"남",38,9,"대리",2.83,3.2,2.5,3.83,1.89,3.8,1,0
135,"여",41,17,"과장이상",3.5,3.8,4.5,3.33,2.78,3.8,1.5,0
136,"남",35,6,"대리",3.33,3.6,3.62,3.5,3.11,3.2,3.25,1
137,"남",31,2,"사원",4.33,4.4,2.88,3.5,4.33,2.4,3.75,0
138,"남",29,3,"사원",4,4.6,2.88,4,3.56,2.8,3.75,1
139,"여",47,12,"과장이상",3.17,3.6,3.5,3.67,2.33,4.2,1,0
140,"남",35,3,"대리",3.5,3.8,2.88,3.33,3.22,2.2,2.75,1
141,"여",46,11,"과장이상",1.33,1.6,3.62,4,2.67,3.8,3,0
142,"남",32,4,"대리",3,3.6,2.38,3,2.78,2.4,2.25,0
143,"남",47,16,"과장이상",3.5,4,3.25,2,2.89,4.2,3.75,1
144,"여",41,10,"대리",4.5,4.6,2.62,3.33,4.22,3.2,3.75,0
145,"여",37,5,"대리",3.17,3.6,2.75,3,2,3.4,2.5,0
146,"남",46,12,"과장이상",3.5,3.8,3,3,2.67,4.2,2.75,0
147,"남",34,1,"사원",3.17,4,4,4.5,1.56,3.4,2.25,0
148,"여",34,4,"사원",2.33,2.2,3.38,4,2.89,2,3,0
149,"여",37,3,"사원",3.17,3.4,4.62,4.33,2.89,2.6,2,1
150,"남",36,2,"사원",3.5,3.4,4.88,4.67,1.67,3.8,2.25,0
151,"남",36,9,"대리",3.33,3,2.5,2.83,3.67,2.4,2.5,0
152,"남",36,6,"대리",3.5,3.6,3.12,3.5,3,3.4,3.75,1
153,"여",31,3,"사원",3.17,3,3.5,4.17,2.78,4.2,3.5,0
154,"여",44,13,"과장이상",2.83,3,3.12,3.83,3.44,3,3.5,0
155,"여",31,2,"사원",3.67,4,4.25,3.33,1.89,3.6,1.5,0
156,"여",31,3,"대리",2.33,2.6,3.88,3.67,2.33,4.2,1.75,0
157,"남",31,1,"사원",3.5,3.8,2.88,2.83,3.67,3.8,2.25,0
158,"여",49,13,"과장이상",3.17,3.6,3.25,4,1.78,2.6,3,0
159,"여",41,6,"사원",1.5,1.6,3.25,4.17,1.78,4,1.5,0
160,"남",42,12,"대리",2.83,2.2,3.38,3.17,3.22,2.8,3.25,0
161,"남",24,0,"사원",3.83,4.4,4.12,4.5,2.67,3.4,2.5,0
162,"남",34,3,"사원",1.83,2,3.25,4.5,1.89,2.4,1.5,0
163,"여",46,17,"과장이상",4,4.4,3.75,2.67,3.33,3,2.75,1
164,"남",47,12,"과장이상",4,4.4,3.12,4.33,3.22,4,3.25,0
165,"남",24,0,"사원",3.83,4,2.38,3.17,4.22,2.8,3.5,0
166,"남",24,0,"사원",3,3.4,3,4.33,2.67,2.6,2.75,0
167,"남",27,1,"사원",2.83,2.6,2.5,2.5,2.11,3.4,2,0
168,"남",27,0,"사원",2.17,2.6,5,4,3,3.2,2.25,0
169,"남",43,12,"과장이상",3,3.6,3.75,3.67,2.22,3,3.5,1
170,"남",40,9,"과장이상",3,3.6,3.62,3.5,2.44,3.4,2.5,0
171,"여",50,17,"과장이상",4.17,4.2,3.25,3.67,3.22,4,3.5,0
172,"여",38,6,"대리",3.17,3.4,3.62,3.17,3.11,3,3,0
173,"남",34,0,"사원",2.83,3.4,3.5,3.5,2.67,2.6,2.75,0
174,"여",49,15,"과장이상",3.67,3.8,3.12,2.83,3.67,3.6,4,1
175,"남",43,12,"과장이상",3.67,4,2.88,3.5,3.11,3.4,3.5,0
176,"여",42,14,"과장이상",2.83,3,3.5,3.5,2.67,3.2,1.5,0
177,"여",45,11,"과장이상",3.33,3.4,3.38,3.5,3.11,3.4,3.5,0
178,"여",35,7,"대리",2.67,3,3,4,3,1.6,2.5,0
179,"여",40,10,"과장이상",2.67,2.8,3.75,3.5,2.33,4.2,2.75,0
180,"여",45,10,"과장이상",2.5,2.6,2.88,3.33,2.78,3,2.5,0
181,"남",24,0,"사원",2.83,2.8,3.75,3.67,2.89,3.6,2,0
182,"남",37,5,"대리",2.5,3,3.62,3.5,2.44,4.4,2,0
183,"여",30,3,"대리",3.67,4.4,4,4.17,2.67,3.8,2.25,0
184,"여",30,3,"사원",3.5,3.6,3.5,4.17,3.56,2.8,3,1
185,"남",31,0,"사원",3,2.8,3.88,4.83,2.56,2.6,2.25,0
186,"남",40,8,"대리",4,4,4.25,3.5,1.56,3.2,1.5,0
187,"여",37,4,"사원",3.33,3.6,3.75,4.5,2.67,3.2,3.25,1
188,"남",29,4,"사원",3.5,3.8,4,3.83,2.67,2.8,3.25,0
189,"남",41,10,"대리",2.83,2.8,3.38,2.5,3,3,2.75,0
190,"남",41,8,"과장이상",4,4.2,3,2.67,3.89,2.4,2.5,0
191,"남",41,11,"과장이상",3.17,3.4,3.38,3,3.22,4.2,2.25,0
192,"남",40,6,"사원",2.83,3.2,3,3,3.22,2.6,3.25,0
193,"남",46,16,"과장이상",3.67,3.8,3.5,3.67,2.44,3.8,2.5,0
194,"여",32,2,"사원",2.67,2.4,3.88,4.67,1.56,3.8,2.5,0
195,"남",33,0,"사원",2.5,3.2,3.12,3.83,2.33,3.4,2,0
196,"남",43,8,"대리",3.83,4.6,3.38,3.33,3.22,2.6,3,0
197,"남",42,9,"대리",3.67,4,3.62,3.17,3.44,3.2,2.25,0
198,"여",45,11,"과장이상",3.67,4.4,3,4.33,3.78,3.4,4.25,1
199,"여",37,5,"사원",3.5,4,2.75,3.17,3.44,2.4,3.25,0
200,"남",42,9,"대리",3.17,3.2,3.62,4,1.78,5,2.25,0
201,"여",45,13,"과장이상",2.5,3,2.88,2.83,3.44,3,2,0
202,"여",32,4,"사원",2.83,2.6,4.38,3.5,2.78,3.2,3,0
203,"남",50,15,"과장이상",3,3,3.5,2.83,2.67,3.2,1.5,0
204,"여",32,1,"대리",3.67,4,2.75,3.17,4,3.4,5,0
205,"남",25,0,"사원",3,3.6,3.25,4.17,2.67,4.6,3,0
206,"여",36,10,"대리",3.5,3.4,3.88,3.5,4.11,2.6,2.75,0
207,"남",39,6,"사원",3.5,3.8,3.25,3.83,2.67,2.8,2.5,0
208,"여",32,9,"대리",2.83,3.4,3.5,2.67,3,3,2.75,1
209,"여",29,4,"사원",2.33,2.6,4.12,3.67,1.89,3,2,0
210,"여",32,0,"사원",3,2.6,4.12,3.67,1.89,4.4,2.25,0
211,"여",45,9,"대리",2.83,3.4,3.38,3.17,3.22,2.8,2.75,1
212,"남",24,0,"사원",2.17,2.6,4.12,4.17,2.89,2.4,2.25,0
213,"남",24,0,"사원",2.83,3.4,3.62,3,3.22,2.4,3,0
214,"남",27,0,"사원",3.83,4,3.5,3.67,2.56,3,2.75,0
215,"여",45,10,"대리",2.67,3.2,3.88,3.83,2.67,2.6,2,0
216,"여",44,12,"과장이상",2.67,3,4,4.17,1.89,4.2,2,0
217,"남",31,4,"대리",4.17,4.4,3.38,4,3.56,2.6,3.5,0
218,"남",37,5,"사원",3.17,3.4,3.25,4.17,1.67,4,2,0
219,"남",42,9,"대리",2.17,3,4,4.5,2.67,4,2,0
220,"남",41,7,"대리",2.33,2.8,3.88,4,3.22,3.4,3.25,0
221,"남",41,2,"사원",4.33,3.8,3.5,2.83,3.67,3,3.75,0
222,"여",38,6,"사원",3.83,3.8,3.25,4,3.89,2.8,4,0
223,"남",39,6,"대리",3,3.4,3.75,4.67,2,3.6,2.75,0
224,"여",26,0,"사원",2,2,3.62,4,2.11,3.2,2.75,1
225,"남",53,14,"과장이상",2,2,4,3.5,2.56,3.8,2.75,0
226,"여",36,8,"대리",2.33,2.2,3.25,3.83,2.44,3.2,1.5,0
227,"여",41,5,"대리",2.17,2.6,5,3.67,1.67,3.8,1,0
228,"남",27,5,"사원",2.83,3,3.75,3.83,2.56,3,2.5,0
229,"남",34,2,"사원",3.83,4,3.25,3.67,3.11,3,3.5,0
230,"남",43,12,"과장이상",2.83,3,2.88,2.5,2.78,2.8,3,0
231,"남",38,13,"과장이상",2.67,2.8,3.62,4.67,2.67,3.8,3.25,0
232,"남",39,6,"대리",2.33,2.4,3.88,4.17,3,3.8,2.5,0
233,"남",27,0,"사원",2.33,2.4,3.88,4.17,2.44,3.8,1.75,0
234,"남",41,7,"대리",2.83,3.6,3.5,3.33,2.89,2.4,1.75,1
235,"여",33,5,"사원",2.33,2.8,3.62,3.33,2.89,2.6,3.5,1
236,"여",25,1,"사원",4.17,4.4,3.62,4.17,3.33,3.8,4.25,0
237,"여",42,6,"대리",3,3.2,4.12,3,3.89,4.2,2.5,1
238,"남",37,4,"사원",3.67,4,3,4.17,3.33,2.6,2.75,1
239,"남",31,0,"사원",2.67,3.6,3.5,2.67,3,3.2,4.25,0
240,"여",39,9,"대리",3.17,3.2,2.88,3.83,3.78,2.4,2.75,0
241,"여",24,0,"사원",2.5,2.4,3.38,3.17,1.67,2.4,1.25,0
242,"여",53,15,"과장이상",2.67,2.8,2.88,3,2.89,3.8,2,0
243,"여",24,0,"사원",2.83,3.2,3.25,3.17,2.78,2.6,1.75,0
244,"여",39,3,"사원",3,3.2,4.25,3.83,2.22,3.8,2,0
245,"여",35,7,"대리",3.17,3.2,4.12,4.5,2.44,4.4,3.75,0
246,"여",28,0,"사원",3.17,3.6,3.25,3.67,4.33,2.2,3.25,1
247,"여",39,10,"대리",3.5,4.2,3.62,4.17,3.11,4,1.75,0
248,"남",34,11,"과장이상",2.67,2.8,3.88,4,2.22,3.6,2.75,1
249,"남",48,17,"과장이상",3.67,4.4,4.75,2.33,2.11,5,1,0
250,"남",29,0,"대리",3.33,3.2,2.62,3.5,4.33,3,3.25,0
251,"여",47,16,"과장이상",2.17,2.2,3.62,3.33,1.89,4,2.75,0
252,"남",41,7,"대리",2.33,3,3.88,4.33,2.33,3.8,2,0
253,"남",29,3,"대리",4,4,2.88,2.67,4.33,2.6,2.25,0
254,"여",36,7,"대리",3.17,3.8,3.5,3.17,3.33,3.2,4,1
255,"남",30,4,"대리",2.83,3,3,3.5,2.56,3.2,1.5,0
256,"남",24,0,"사원",3.17,3.8,3.38,4.17,2.44,3,2.5,1
257,"여",51,16,"과장이상",2.33,2.4,4.38,3.67,1.67,5,2,0
258,"여",49,16,"과장이상",3,3.2,3.62,4.17,2.67,3,1.75,0
259,"여",38,1,"사원",3.5,3.8,3.5,4,3.11,3.6,2.5,0
260,"여",26,0,"사원",2.83,2.6,3.62,4,2.56,4.4,2.5,0
261,"남",41,10,"과장이상",2.67,3,3,2.33,2.33,2.8,2,0
262,"여",30,3,"사원",2.67,2.8,2.12,3.33,2.11,2.6,2.5,0
263,"여",41,10,"대리",4,4.6,3.62,3.5,3.89,2.4,3.5,0
264,"남",44,16,"과장이상",3.33,3.2,2.88,4.17,3,3.4,2,0
265,"여",38,7,"대리",2.17,2.8,2,3.5,2.44,3,1.5,0
266,"남",36,6,"사원",2.67,2.8,3.5,3.83,2.89,3.6,2.25,0
267,"남",45,11,"과장이상",1.83,2,3.12,4.17,2.11,4.4,2.25,0
268,"여",45,18,"과장이상",3.17,3.6,3.5,3.83,2.22,4.6,3.5,0
269,"여",40,7,"대리",3.17,3.6,3.25,3,2.56,3.2,3.75,1
270,"여",36,9,"대리",3,3.4,3.62,2.83,2.11,3.6,2.25,0
271,"남",44,14,"과장이상",2.5,3.2,4.38,3.5,1.89,4,1,0
272,"남",39,6,"대리",2,2.2,3.12,2.67,2.44,2.8,3,0
273,"남",48,17,"과장이상",2.83,2.4,4.12,3,2.78,3,3.25,0
274,"남",27,2,"사원",1.67,1.8,3.75,3.83,1.56,3,1.5,0
275,"여",36,9,"대리",3.67,3.8,3,3.5,4.22,2.6,3.75,1
276,"여",45,7,"대리",2.67,3,3.25,3,2.89,3,2.25,0
277,"여",32,2,"사원",1.5,1.2,3.62,4,3.11,3.2,2.5,0
278,"여",24,0,"사원",3.67,3.8,3,3,4,2.4,3.75,0
279,"여",41,10,"대리",3.33,3.4,2.62,4,3.11,2.4,3.5,1
280,"남",33,4,"대리",1.5,1.6,3.62,3.17,2.56,2.4,2.5,0
281,"여",33,4,"사원",3,3,3.88,4,2.78,2.6,2.75,0
282,"여",43,12,"과장이상",2.5,2.6,3.5,3.17,2.78,3.8,1.75,0
283,"여",53,19,"과장이상",3.83,4.6,2.88,3.33,4.22,2.2,4.75,1
284,"여",37,11,"대리",4.17,4.4,3.62,2.67,4.44,3,2.25,1
285,"여",44,13,"과장이상",3.17,3,3,3,3.22,3,2.5,0
286,"여",24,0,"사원",3.67,3.6,3,4.33,3.33,2.6,4,0
287,"남",38,4,"사원",4,4.2,3.5,3.17,3.56,3.2,2.75,0
288,"남",24,2,"대리",2.83,3.6,3.25,3,2.56,3.2,2.25,0
289,"여",24,0,"사원",3.33,3.8,3.5,3.5,3.89,3.2,5,1
290,"여",48,15,"과장이상",3,2.8,2.88,4.17,3.11,4,3.5,0
291,"남",42,11,"대리",2.67,3,3.25,4,2,4.2,1.25,0
292,"여",41,11,"과장이상",3.33,3.2,4.12,3.67,2.56,3.2,2.25,1
293,"여",33,3,"사원",3,2.8,3.5,4.83,2.56,3.4,2,0
294,"여",27,0,"사원",3.67,3.8,4,3.67,3.56,3.2,3.25,1
295,"여",40,10,"대리",2.83,3.8,3,4,3.22,2.4,2,0
296,"여",29,0,"사원",2.5,3.2,3.12,3,3.44,2.6,2.75,0
297,"여",55,17,"과장이상",3.33,3.2,3.38,4.17,3.56,3.8,4.25,1
298,"남",38,6,"대리",3.67,4,4,3.67,3,3.8,3.25,1
299,"남",39,5,"대리",2.17,2.6,3.25,3.67,2.22,3.6,2.5,0
300,"남",25,0,"사원",2.33,2.8,3.38,4.5,2.11,3.6,1.75,0
