"id","pre","post"
1,3.25,3.89
2,3.7,4.97
3,2.19,3.04
4,2.17,1.88
5,2.51,2.92
6,2.55,3.15
7,2.82,3.38
8,4.15,4.8
9,3.26,3.59
10,3.99,5
11,2.77,2.62
12,3.29,3.39
13,2.62,2.59
14,3,3.55
15,4.38,4.59
16,4.18,5
17,2.24,2.13
18,2.61,3.47
19,2.86,3.89
20,3.14,2.57
21,3.21,3.98
22,3.15,4.4
23,3.81,4.81
24,2.04,2.38
25,3.27,4.07
26,3.07,2.95
27,3.11,3.33
28,3.23,3.67
29,3.15,4.13
30,2.47,2.8
31,1.89,1.76
32,2.6,2.69
33,2.17,2.56
34,3,3.19
35,3.33,3.47
36,2.58,3.19
37,4.28,5
38,3.96,4.01
39,2.35,2.64
40,3.36,3.74
