"gender","school","score"
"남","남녀공학/분반",67.3
"남","남녀공학/분반",61.9
"남","남녀공학/분반",88.8
"남","남녀공학/분반",67.7
"남","남녀공학/분반",76.2
"남","남녀공학/분반",68.3
"남","남녀공학/분반",60.8
"남","남녀공학/분반",75
"남","남녀공학/분반",65.1
"남","남녀공학/분반",68.1
"남","남녀공학/분반",54.8
"남","남녀공학/분반",64.8
"남","남녀공학/분반",57.7
"남","남녀공학/분반",63.3
"남","남녀공학/분반",59.7
"남","남녀공학/분반",75.8
"남","남녀공학/분반",55.6
"남","남녀공학/분반",67.3
"여","남녀공학/분반",58.5
"여","남녀공학/분반",65.6
"여","남녀공학/분반",77.5
"여","남녀공학/분반",58.4
"여","남녀공학/분반",61.2
"여","남녀공학/분반",62.5
"여","남녀공학/분반",64
"여","남녀공학/분반",68.3
"여","남녀공학/분반",75.7
"여","남녀공학/분반",65.4
"여","남녀공학/분반",68.5
"여","남녀공학/분반",73.4
"여","남녀공학/분반",74.3
"여","남녀공학/분반",68.1
"여","남녀공학/분반",64.9
"여","남녀공학/분반",65.1
"여","남녀공학/분반",69.9
"여","남녀공학/분반",66.9
"남","남녀공학/합반",73.4
"남","남녀공학/합반",77.1
"남","남녀공학/합반",76
"남","남녀공학/합반",81
"남","남녀공학/합반",70.3
"남","남녀공학/합반",73.9
"남","남녀공학/합반",75.6
"남","남녀공학/합반",82.8
"남","남녀공학/합반",63.9
"남","남녀공학/합반",74.9
"남","남녀공학/합반",74.4
"남","남녀공학/합반",67.3
"남","남녀공학/합반",69.2
"남","남녀공학/합반",78.9
"남","남녀공학/합반",70.3
"남","남녀공학/합반",69.7
"남","남녀공학/합반",80.7
"남","남녀공학/합반",79.5
"여","남녀공학/합반",83.1
"여","남녀공학/합반",80.1
"여","남녀공학/합반",78
"여","남녀공학/합반",82.5
"여","남녀공학/합반",67.4
"여","남녀공학/합반",77.6
"여","남녀공학/합반",75.5
"여","남녀공학/합반",80.6
"여","남녀공학/합반",69.7
"여","남녀공학/합반",68.4
"여","남녀공학/합반",74.6
"여","남녀공학/합반",71.2
"여","남녀공학/합반",71.3
"여","남녀공학/합반",80.1
"여","남녀공학/합반",85.7
"여","남녀공학/합반",83.9
"여","남녀공학/합반",75.4
"여","남녀공학/합반",76.1
"남","단성학교",76.4
"남","단성학교",87.5
"남","단성학교",88.3
"남","단성학교",91.1
"남","단성학교",82.1
"남","단성학교",75
"남","단성학교",91.9
"남","단성학교",82.3
"남","단성학교",79.2
"남","단성학교",77.9
"남","단성학교",87.7
"남","단성학교",72.8
"남","단성학교",83.2
"남","단성학교",86.3
"남","단성학교",74.6
"남","단성학교",92.5
"남","단성학교",91
"남","단성학교",84.7
"여","단성학교",76.5
"여","단성학교",84.6
"여","단성학교",72.4
"여","단성학교",77
"여","단성학교",77.5
"여","단성학교",82.5
"여","단성학교",67.4
"여","단성학교",74.8
"여","단성학교",80.6
"여","단성학교",82.8
"여","단성학교",67.6
"여","단성학교",67.1
"여","단성학교",62.6
"여","단성학교",86.2
"여","단성학교",74.1
"여","단성학교",72.8
"여","단성학교",79.6
"여","단성학교",80.8
