"m","lo","hi","ok"
3.6716,3.3691,3.9742,1
3.5522,3.2528,3.8516,1
3.3692,3.0316,3.7067,1
3.3144,3.0081,3.6206,1
3.2209,2.9448,3.4969,0
3.6434,3.313,3.9738,1
3.5737,3.2565,3.8908,1
3.518,3.2721,3.764,1
3.7136,3.3632,4.0641,1
3.459,3.1894,3.7286,1
3.4219,3.0926,3.7511,1
3.4723,3.1315,3.8131,1
3.4964,3.2101,3.7826,1
3.5083,3.2237,3.793,1
3.5451,3.2676,3.8227,1
3.4745,3.0831,3.8659,1
3.4799,3.2028,3.7569,1
3.5212,3.1982,3.8442,1
3.6184,3.3047,3.9321,1
3.5484,3.1487,3.9482,1
3.7893,3.4478,4.1308,1
3.4573,3.1681,3.7465,1
3.3761,3.0252,3.727,1
3.2621,2.9083,3.6159,1
3.6069,3.3515,3.8623,1
3.5571,3.217,3.8971,1
3.3428,3.0832,3.6024,1
3.5211,3.2767,3.7655,1
3.6302,3.3825,3.8779,1
3.4895,3.1892,3.7898,1
3.447,3.115,3.779,1
3.5123,3.2047,3.82,1
3.4035,3.1435,3.6636,1
3.2325,2.9261,3.539,1
3.6303,3.2643,3.9962,1
3.7318,3.4653,3.9982,1
3.2434,2.8844,3.6025,1
3.4261,3.0882,3.7639,1
3.5045,3.1489,3.8602,1
3.5537,3.3194,3.7881,1
3.5228,3.2117,3.834,1
3.5851,3.252,3.9183,1
3.4205,3.079,3.7621,1
3.4658,3.1039,3.8277,1
3.394,3.1128,3.6752,1
3.4188,3.0833,3.7543,1
3.6224,3.3249,3.92,1
3.3454,2.9832,3.7075,1
3.6763,3.3975,3.9552,1
3.4803,3.0755,3.885,1
3.3627,3.0593,3.6661,1
3.5678,3.2672,3.8685,1
3.3195,2.9874,3.6517,1
3.57,3.2746,3.8654,1
3.4232,3.1519,3.6945,1
3.2928,2.9131,3.6725,1
3.5186,3.2666,3.7706,1
3.4234,3.1035,3.7432,1
3.4465,3.1755,3.7175,1
3.5298,3.2077,3.8518,1
3.5986,3.3312,3.866,1
3.4037,3.0773,3.7301,1
3.3604,3.0545,3.6663,1
3.3214,3.0272,3.6156,1
3.4832,3.1848,3.7816,1
3.5424,3.2047,3.8801,1
3.5078,3.1184,3.8973,1
3.5518,3.2513,3.8522,1
3.5091,3.1971,3.8211,1
3.487,3.1372,3.8368,1
3.7028,3.3596,4.0461,1
3.3907,3.0212,3.7602,1
3.4897,3.1643,3.815,1
3.1932,2.8111,3.5754,1
3.589,3.3385,3.8394,1
3.3946,3.0395,3.7497,1
3.327,3.0316,3.6223,1
3.6476,3.3799,3.9154,1
3.679,3.4033,3.9546,1
3.5627,3.2903,3.835,1
3.235,2.9421,3.528,1
3.3899,3.1032,3.6767,1
3.3744,3.0911,3.6578,1
3.3772,3.0578,3.6966,1
3.5126,3.2796,3.7457,1
3.4992,3.2598,3.7385,1
3.627,3.3188,3.9351,1
3.6586,3.3336,3.9835,1
3.4981,3.16,3.8362,1
3.8216,3.5014,4.1418,0
3.4128,3.1239,3.7017,1
3.6733,3.2591,4.0875,1
3.8741,3.5117,4.2366,0
3.4072,3.1053,3.7092,1
3.4111,3.1481,3.6741,1
3.491,3.2358,3.7461,1
3.3696,3.1069,3.6323,1
3.4357,3.0968,3.7745,1
3.4161,3.1188,3.7135,1
3.594,3.3228,3.8652,1
